WKT,SISTEMA_DE,PUNTO_DE_M,N,E,Nitrato,Distrito,Canton,Provincia,r_cont_n,c_canton,POINT_X,POINT_Y
"POINT (-83.800508006737 9.94045181408858)",BUENAVISTA DE PACAYAS: SECTOR NORTE,NACIENTE BUENAVISTA 1 (H. AGUILAR 1),"1099165","521874",7.04,Capellades,Alvarado,Cartago,1,"306",-83.8005080067,9.94045181409
"POINT (-83.8012467660121 9.94038896060498)",BUENAVISTA DE PACAYAS: SECTOR NORTE,NACIENTE BUENAVISTA 2 (H. AGUILAR 2),"1099158","521793",7.41,Capellades,Alvarado,Cartago,1,"306",-83.801246766,9.9403889606
"POINT (-83.8126726442873 9.91094622679223)",SISTEMA 7: PACAYAS BUENOS AIRES,NACIENTE MAINOR,"1095901","520542",24.98,Pacayas,Alvarado,Cartago,2,"306",-83.8126726443,9.91094622679
"POINT (-83.8106862146167 9.93998754848199)",SISTEMA 3 PACAYAS PATALILLO BARRIO FÁTIMA,NACIENTE LA ISLA,"1099113","520758",25.7275,Pacayas,Alvarado,Cartago,2,"306",-83.8106862146,9.93998754848
"POINT (-83.8272838461071 9.90668629822853)",SISTEMA 4 PACAYAS LOS ÁNGELES,LOS ANGELES 1 (Jose Castro),"1095429","518940",8.029167,Pacayas,Alvarado,Cartago,1,"306",-83.8272838461,9.90668629823
"POINT (-83.808847497557 9.91819564180181)",SISTEMA 6 LOURDES VICENTE SERRANO,NACIENTE VICENTE SERRANO,"1096703","520961",27.104545,Pacayas,Alvarado,Cartago,2,"306",-83.8088474976,9.9181956418
"POINT (-83.7930464016611 9.92822271641011)",SISTEMA 1 CAPELLADES CENTRO,NACIENTE ABRAHAM 1,"1097813","522693",5.198,Capellades,Alvarado,Cartago,1,"306",-83.7930464017,9.92822271641
"POINT (-83.8245065075379 9.91634157394634)",SISTEMA 10 PACAYAS LLANO GRANDE 3,NACIENTE ANIBAL BARQUERO,"1096497","519244",4.539,Pacayas,Alvarado,Cartago,1,"306",-83.8245065075,9.91634157395
"POINT (-83.8088406598133 9.92998621564841)",SISTEMA 1 PACAYAS CENTRO,NACIENTE BARBACOAS,"1098007","520961",13.86,Pacayas,Alvarado,Cartago,2,"306",-83.8088406598,9.92998621565
"POINT (-83.8132285256083 9.92773726830659)",SISTEMA 15 LOURDES SECTOR LOS BRENES,NACIENTE ZENÓN LEANDRO,"1097758","520480",21.172857,Pacayas,Alvarado,Cartago,2,"306",-83.8132285256,9.92773726831
"POINT (-83.7770088143192 9.92244373875862)",SISTEMA 3 CAPELLADES CALLEJÓN (LOURDES),NACIENTE CALLEJÓN 1,"1097175","524452",4.928182,Capellades,Alvarado,Cartago,1,"306",-83.7770088143,9.92244373876
"POINT (-83.7942789345043 9.92601726501056)",SISTEMA 1 CAPELLADES CENTRO,NACIENTE EL SALTO,"1097569","522558",3.85,Pacayas,Alvarado,Cartago,1,"306",-83.7942789345,9.92601726501
"POINT (-83.8272838461071 9.90668629822853)",SISTEMA 4 PACAYAS LOS ÁNGELES,NACIENTE LOS ANGELES (JOSÉ CASTRO,"1095429","518940",8.076364,Pacayas,Alvarado,Cartago,1,"306",-83.8272838461,9.90668629823
"POINT (-83.8273409667022 9.9195167393954)",SISTEMA 11 PACAYAS LLANO GRANDE 4,NACIENTE LOS GÓMEZ,"1096848","518933",10.3,Pacayas,Alvarado,Cartago,2,"306",-83.8273409667,9.9195167394
"POINT (-83.815664726288 9.92550527848137)",SISTEMA 1 PACAYAS CENTRO,NACIENTE MARÍA CRISTINA,"1097511","520213",13.591667,Pacayas,Alvarado,Cartago,2,"306",-83.8156647263,9.92550527848
"POINT (-83.8289431089289 9.92506926503036)",SISTEMA 8 Y 9 PACAYAS LLANO GRANDE 1 Y 2,NACIENTE SAN PABLO 1,"1097462","518757",2.696667,Pacayas,Alvarado,Cartago,1,"306",-83.8289431089,9.92506926503
"POINT (-83.8164221958249 9.90814531962546)",SISTEMA 3 PACAYAS PATALILLO BARRIO FÁTIMA,NACIENTE NORE GÓMEZ,"1095591","520131",22.43125,Pacayas,Alvarado,Cartago,2,"306",-83.8164221958,9.90814531963
"POINT (-83.8225975754205 9.92189227428468)",SISTEMA 1 PACAYAS CENTRO,NACIENTE PACAYÓN (RUBEN),"1097111","519453",3.529,Pacayas,Alvarado,Cartago,1,"306",-83.8225975754,9.92189227428
"POINT (-83.817194201694 9.93022596484195)",SISTEMA 12 LOURDES LA CAPILLA,NACIENTE MARTÍN MONTERO,"1098033","520045",14.67333333,Pacayas,Alvarado,Cartago,2,"306",-83.8171942017,9.93022596484
"POINT (-83.8939924752332 9.95604649183742)",LLANO GRANDE DE CARTAGO: SECTOR FUENTES SAN LUIS,NACIENTE SAN LUIS 3,"1100885","511623",60.8,Llano Grande,Cartago,Cartago,3,"301",-83.8939924752,9.95604649184
"POINT (-83.9064723295065 9.94540792851368)",LLANO GRANDE DE CARTAGO: SECTOR CASA VIEJA,NACIENTE CASA VIEJA,"1099708","510255",52.58,Llano Grande,Cartago,Cartago,3,"301",-83.9064723295,9.94540792851
"POINT (-83.8999436328928 9.94093031020186)",LLANO GRANDE DE CARTAGO: SECTOR RETES,NACIENTE RETES,"1099213","510971",45.41,Llano Grande,Cartago,Cartago,2,"301",-83.8999436329,9.9409303102
"POINT (-83.8999419277366 9.9465362741252)",LLANO GRANDE CARTAGO: SECT. BARRIO LOS ANGELES Y PAVAS,NACIENTE CHECHENIA,"1099833","510971",39.07,Llano Grande,Cartago,Cartago,2,"301",-83.8999419277,9.94653627413
"POINT (-83.889368206912 9.95658750548373)",TIERRA BLANCA: CIUDADELA GRACIANO Y LA TRINIDAD,"MEZCLA DE NACIENTES MIQUELA- VUELTA LEÓN 1,2 Y 3","1100945","512130",33.01,Llano Grande,Cartago,Cartago,2,"301",-83.8893682069,9.95658750548
"POINT (-83.9112340589919 9.94174726376239)",LLANO GRANDE DE CARTAGO: SECTOR EBAIS VIEJO,NACIENTE FRANCO,"1099303","509733",19.02,Llano Grande,Cartago,Cartago,2,"301",-83.911234059,9.94174726376
"POINT (-83.886878566138 9.95584523904323)",TIERRA BLANCA DE CARTAGO,NACIENTE VUELTA LEÓN 1,"1100863","512403",3.38,Llano Grande,Cartago,Cartago,1,"301",-83.8868785661,9.95584523904
"POINT (-83.8863769117406 9.9559264457167)",TIERRA BLANCA DE CARTAGO,NACIENTE VUELTA LEÓN 3,"1100872","512458",2.01,Llano Grande,Cartago,Cartago,1,"301",-83.8863769117,9.95592644572
"POINT (-83.8881218759292 9.92041053809848)",TIERRA BLANCA DE CARTAGO,NACIENTE RODILLAL,"1096944","512268",59.905,Tierra Blanca,Cartago,Cartago,3,"301",-83.8881218759,9.9204105381
"POINT (-83.9165513489114 9.94066360555915)",LLANO GRANDE DE CARTAGO: SECTOR NACIENTE EMPALOO,NACIENTE EMPALAO,"1099183","509150",29.58666667,Llano Grande,Cartago,Cartago,2,"301",-83.9165513489,9.94066360556
"POINT (-83.8978624692139 9.94668935768645)",LLANO GRANDE DE CARTAGO: SECTOR NACIENTE PAVAS,NACIENTE PAVAS,"1099850","511199",19.285,Llano Grande,Cartago,Cartago,2,"301",-83.8978624692,9.94668935769
"POINT (-83.8349939058128 9.93429499803067)",SANTA ROSA DE OREAMUNO: SECTOR NACIENTE DE AGUA FRÍA,NACIENTE MANUEL GRANADOS,"1098482","518093",36.12058824,Pacayas,Alvarado,Cartago,2,"306",-83.8349939058,9.93429499803
"POINT (-83.8619188475758 9.94865662262277)",POTRERO CERRADO DE OREAMUNO,NACIENTE MATA DE CAÑA 1,"1100069","515140",26.30981818,Potrero Cerrado,Oreamuno,Cartago,2,"307",-83.8619188476,9.94865662262
"POINT (-83.8449373078591 9.88962383464912)",CIPRESES DE OREAMUNO,NACIENTE EDWIN COTO,"1093541","517005",25.69222222,Cipreses,Oreamuno,Cartago,2,"307",-83.8449373079,9.88962383465
"POINT (-83.8331146786033 9.93535196465353)",SANTA ROSA DE OREAMUNO,NACIENTE AGUA FRÍA,"1098599","518299",34.37142857,Pacayas,Alvarado,Cartago,2,"306",-83.8331146786,9.93535196465
"POINT (-83.8255795596606 9.90482279189116)","CIPRESES, ORATORIO Y CAPIRA DE OREAMUNO",NACIENTE PLANTÓN,"1095223","519127",27.64179487,Pacayas,Alvarado,Cartago,2,"306",-83.8255795597,9.90482279189
"POINT (-83.861767826846 9.93908122396038)",COT DE OREAMUNO: SECTOR OESTE,NACIENTE SAN JUAN DE CHICÚA 2,"1099010","515157",27.38824176,Potrero Cerrado,Oreamuno,Cartago,2,"307",-83.8617678268,9.93908122396
"POINT (-83.861640127789 9.93912638055882)",COT DE OREAMUNO: SECTOR OESTE,NACIENTE SAN JUAN DE CHICÚA 1,"1099015","515171",27.2840113,Potrero Cerrado,Oreamuno,Cartago,2,"307",-83.8616401278,9.93912638056
"POINT (-83.8445721537144 9.94854051017717)",SAN JUAN DE SAN GERARDO DE SANTA ROSA: CENTRO,NACIENTE BENJAMIN HULET,"1100057","517042",25.17034483,Santa Rosa,Oreamuno,Cartago,2,"307",-83.8445721537,9.94854051018
"POINT (-83.8476464939202 9.94678780388443)",SANTA ROSA DE OREAMUNO: SECT.NACTES BIRRIS Y CARLOS MARTÍNEZ,NACIENTE CARLOS MARTÍNEZ,"1099863","516705",17.26761905,Santa Rosa,Oreamuno,Cartago,2,"307",-83.8476464939,9.94678780388
"POINT (-83.8557261896166 9.94864496722679)",POTRERO CERRADO DE OREAMUNO,Naciente los Quemados,"1100068","515819",17.96947368,Santa Rosa,Oreamuno,Cartago,2,"307",-83.8557261896,9.94864496723
"POINT (-83.847859456054 9.95958212688734)",POTRERO CERRADO DE OREAMUNO,NACIENTE POZO AMARILLO,"1101278","516681",9.110833333,Santa Rosa,Oreamuno,Cartago,1,"307",-83.8478594561,9.95958212689
"POINT (-83.846284880961 9.95256492780871)",SAN JUAN DE SAN GERARDO DE SANTA ROSA: CENTRO,NACIENTE MIGUEL BRENES,"1100502","516854",11.96,Santa Rosa,Oreamuno,Cartago,2,"307",-83.846284881,9.95256492781
"POINT (-83.8366264550742 9.95246992991328)",SANTA ROSA DE OREAMUNO: SECTOR NAC. BIRRÍS Y CARLOS MARTÍNEZ,NACIENTE BIRRIS,"1100492","517913",8.884736842,Pacayas,Alvarado,Cartago,1,"306",-83.8366264551,9.95246992991
"POINT (-83.8367267880658 9.95245189521457)",SAN PABLO DE SANTA ROSA DE OREAMUNO: SECTOR NACIENTE BIRRIS1,NACIENTE BIRRIS 1,"1100490","517902",9.36,Pacayas,Alvarado,Cartago,1,"306",-83.8367267881,9.95245189521
"POINT (-83.8352134786362 9.95111295887535)",SAN PABLO DE SANTA ROSA DE OREAMUNO: NACIENTE BIRRIS 2,NACIENTE BIRRIS 2,"1100342","518068",8.536153846,Santa Rosa,Oreamuno,Cartago,1,"307",-83.8352134786,9.95111295888
"POINT (-83.8483361934527 9.89477926071157)",CIPRESES DE OREAMUNO: SECTOR NACIENTE CARLOS CALVO,NACIENTE CARLOS CALVO,"1094111","516632",8.928181818,Cipreses,Oreamuno,Cartago,1,"307",-83.8483361935,9.89477926071
"POINT (-83.8750042823924 9.88214061252427)",SAN RAFAEL DE OREAMUNO: SECTOR NORESTE,NACIENTE EL AGUACATE,"1092712","513708",29.41676471,Cot,Oreamuno,Cartago,2,"307",-83.8750042824,9.88214061252
"POINT (-83.8877583973795 9.88974934890012)",LA CHINCHILLA SAN RAFAEL DE OREAMUNO: CENTRO,NACIENTE ARIETE,"1093553","512309",56.48,San Rafael,Oreamuno,Cartago,3,"307",-83.8877583974,9.8897493489
"POINT (-83.8724151695527 9.88078335580719)",MATA DE MORA SAN RAFAEL DE OREAMUNO,NACIENTE EL SOL,"1092562","513992",32.66,Cot,Oreamuno,Cartago,2,"307",-83.8724151696,9.88078335581
"POINT (-83.869852811248 9.8810084227338)",SAN RAFAEL DE OREAMUNO: SECTOR NORESTE,NACIENTE LA POZA,"1092587","514273",28.17,Cot,Oreamuno,Cartago,2,"307",-83.8698528112,9.88100842273
"POINT (-83.8699758108186 9.89286240069812)",SAN RAFAEL DE OREAMUNO: SECTOR NORESTE,NACIENTE EL SALTO,"1093898","514259",31.26111111,Cot,Oreamuno,Cartago,2,"307",-83.8699758108,9.8928624007
"POINT (-83.8750042823924 9.88214061252427)",SAN RAFAEL DE OREAMUNO: SECTOR NORESTE,NACIENTE EL AGUACATE,"1092712","513708",28.63666667,Cot,Oreamuno,Cartago,2,"307",-83.8750042824,9.88214061252
"POINT (-83.8707288486061 9.87929079853146)",SAN RAFAEL DE OREAMUNO: SECTOR NORESTE,Naciente La Nueva,"1092397","514177",17.38,Cot,Oreamuno,Cartago,2,"307",-83.8707288486,9.87929079853
"POINT (-83.8968223671952 9.88965278984193)",CALLE CHINCHILLA VIEJA DE SAN RAFAEL DE OREAMUNO,NACIENTE REGINA,"1093542","511315",28.788,San Rafael,Oreamuno,Cartago,2,"307",-83.8968223672,9.88965278984
"POINT (-83.8619188475758 9.94865662262277)",POTRERO CERRADO DE OREAMUNO,NACIENTE MATA DE CAÑA 2,"1100069","515140",15.725,Potrero Cerrado,Oreamuno,Cartago,2,"307",-83.8619188476,9.94865662262
"POINT (-83.8768374815317 9.88108338528048)",SAN RAFAEL DE OREAMUNO: SECTOR NORESTE,NACIENTE MARIO IVANCOVICH,"1092595","513507",39.25333333,Cot,Oreamuno,Cartago,2,"307",-83.8768374815,9.88108338528
"POINT (-83.8705571335039 9.87536654580506)",HIGUERONES DE OREAMUNO,NACIENTE HIGUERONES,"1091963","514196",26.5675,Cot,Oreamuno,Cartago,2,"307",-83.8705571335,9.87536654581
"POINT (-83.8712938246527 9.88022233103504)",SAN RAFAEL DE OREAMUNO: SECTOR NORESTE,NACIENTE LANKASTER,"1092500","514115",34.85333333,Cot,Oreamuno,Cartago,2,"307",-83.8712938247,9.88022233104
"POINT (-83.8772847325302 9.87987193324058)",CALLE LUCAS DE OREAMUNO,NACIENTE LUCAS,"1092461","513458",18.62923077,Cot,Oreamuno,Cartago,2,"307",-83.8772847325,9.87987193324
"POINT (-83.8705183450077 9.88128897831261)",YERRIS DE SAN RAFAEL DE OREAMUNO,NACIENTE TURBINA O PASO ANCHO,"1092618","514200",43.734375,Cot,Oreamuno,Cartago,2,"307",-83.870518345,9.88128897831
"POINT (-83.8744389153987 9.88220369547363)",SAN RAFAEL DE OREAMUNO: SECTOR NORESTE,NACIENTE VILLALTA,"1092719","513770",25.71,Cot,Oreamuno,Cartago,2,"307",-83.8744389154,9.88220369547
"POINT (-83.8733302255189 9.85566165633245)",PARAÍSO DE CARTAGO: CENTRO,NACIENTE MERO,"1089784","513893",72.51,Llanos de Santa Lucia,Paraiso,Cartago,3,"302",-83.8733302255,9.85566165633
"POINT (-83.8735987267666 9.85450439149401)",PARAÍSO DE CARTAGO: CENTRO,NACIENTE GUAYABAL,"1089656","513863",67.81,Llanos de Santa Lucia,Paraiso,Cartago,3,"302",-83.8735987268,9.85450439149
"POINT (-83.8797295057493 9.85435834390136)",LOS LAGOS PIRCEM,NAC. HELECHOS DE CUERO,"1089639","513191",48.57,Llanos de Santa Lucia,Paraiso,Cartago,2,"302",-83.8797295057,9.8543583439
"POINT (-83.8588663004489 9.88469580385011)","PARAÍSO: INVU, LA SOLEDAD, LA LAGUNA Y CALLE A OROSI",NACIENTE BOQUERON 1,"1092995","515478",19.7,Cipreses,Oreamuno,Cartago,2,"307",-83.8588663004,9.88469580385
"POINT (-83.8541429698446 9.87836717497111)",BIRRISITO DE PARAÍSO,NACIENTE CAPIRA,"1092296","515996",21.43,Birrisito,Paraiso,Cartago,2,"302",-83.8541429698,9.87836717497
"POINT (-83.8356632606819 9.86102173413888)",PARRUÁS DE PARAÍSO,NACIENTE PARRUÁS,"1090378","518024",6.4,Santiago,Paraiso,Cartago,1,"302",-83.8356632607,9.86102173414
"POINT (-83.780411139913 9.82362200281668)",PEÑAS BLANCAS DE CACHÍ: SECTOR NACIENTE NICANOR,NACIENTE NICANOR,"1086245","524086",1.39,Cachi,Paraiso,Cartago,1,"302",-83.7804111399,9.82362200282
"POINT (-83.8609254867937 9.88198137888669)",HUERTAS DE BIRRISITO,MEZCLA DE NACIENTES HUERTAS 1 Y 2,"1092695","515252",12.65,Cipreses,Oreamuno,Cartago,2,"307",-83.8609254868,9.88198137889
"POINT (-83.7990783911865 9.81957197117845)",CACHÍ DE PARAÍSO: SECTOR NACIENTE CHILAMATE,NACIENTE CHILAMATE,"1085796","522039",1.34,Cachi,Paraiso,Cartago,1,"302",-83.7990783912,9.81957197118
"POINT (-83.7997370770917 9.81880470346195)",CIUDADELA LOS ROBLES DE CACHÍ,NACIENTE CHILAMATE 2,"1085711","521967",1.27,Cachi,Paraiso,Cartago,1,"302",-83.7997370771,9.81880470346
"POINT (-83.7997489575517 9.81875678838452)",CACHÍ DE PARAÍSO: SECTOR NACIENTE CHILAMATE,NACIENTE CHILAMATE 1,"1085706","521965",1.38,Cachi,Paraiso,Cartago,1,"302",-83.7997489576,9.81875678838
"POINT (-83.7879590163324 9.82634932859596)",PEÑAS BLANCAS DE CACHÍ: SECTOR NACIENTE JORGE OBANDO,NACIENTE JORGE OBANDO,"1086546","523258",1.29,Cachi,Paraiso,Cartago,1,"302",-83.7879590163,9.8263493286
"POINT (-83.8164309821441 9.81316567636462)",LOAIZA DE CACHI,NACIENTE LOAIZA,"1085087","520136",0.88,Cachi,Paraiso,Cartago,1,"302",-83.8164309821,9.81316567636
"POINT (-83.8058224585855 9.80783679051337)",VOLIO DE CACHI,MEZCLA DE NACIENTES VOLIO,"1084498","521300",1.2,Cachi,Paraiso,Cartago,1,"302",-83.8058224586,9.80783679051
